CustomerID,Age,Annual_Income,Spending_Score,Purchase_Frequency,Average_Transaction_Value,Years_as_Customer,Cluster,PCA1,PCA2,PCA3,Customer_Value_Score
1,56,149415,69,17,447,3,2,-1.196623393056233,0.8663403279825663,0.7650235603191309,213674.5
2,69,44375,20,24,313,1,1,-0.29415501741213196,0.31150301306908573,-0.8315801950247965,80962.5
3,46,31964,11,3,359,5,0,-1.2074531253437075,0.10302250013340415,-2.0971760687794765,51039.2
4,32,128429,74,32,170,1,3,0.37441870169627534,-0.5168762725492428,1.3420467962909233,211028.7
5,60,82215,38,35,403,6,1,-0.20541784020270862,1.1252480573346086,0.32872145604934944,138314.5
6,25,84042,6,38,145,2,1,-0.20314477191898145,-0.6235447525198612,0.7321185418642834,63462.6
7,38,108468,72,13,320,2,2,-0.45635870153797425,0.06063508682160296,-0.0733090136475096,199040.4
8,56,24435,23,47,327,4,1,0.8514593241505051,1.0471594971415266,-0.15824276058521386,93180.5
9,36,93832,47,25,355,2,2,-0.4282243265824735,0.5526747746567606,0.1441950450232388,152399.6
10,40,66293,90,9,453,1,2,0.021374200189002705,1.0330564650100784,-1.1825078037068442,227037.9
11,28,93781,46,4,253,9,0,-0.9947968596263113,-0.6487585913080686,-0.7285566782589697,134784.3
12,28,58919,12,14,399,8,0,-1.2213545601843736,0.5620188605008857,-1.1108373437104968,68625.7
13,41,136172,90,37,394,1,2,0.2840328511853217,1.122450303315452,1.5117347265682943,259051.6
14,53,109758,13,34,27,1,1,-0.26912930726275236,-1.5613384877069838,1.1639880009800432,77277.4
15,57,71573,62,11,360,7,2,-0.35196968464914613,0.356438048291426,-0.9215681896431516,168971.9
16,41,74101,82,41,148,8,3,1.6371988800632822,-0.2453708323418851,0.7493842582922666,214130.3
17,20,41646,89,3,283,6,2,0.4885756135032317,-0.17100193908412087,-1.7621876143395743,206143.8
18,39,119185,97,28,176,2,3,0.8188612971584455,-0.47141441069993345,0.9953482557812311,252555.5
19,19,38049,60,29,371,8,2,0.6865154836571862,0.9731059826232821,-0.7415867295550925,164464.7
20,41,113116,43,9,377,2,0,-1.4089540250299533,0.22838991452278937,-0.25436640510362585,143284.8
21,61,112379,76,3,24,4,0,-0.116179205310012,-2.1496809466001383,-0.160576635665354,188413.7
22,47,83385,68,25,105,8,3,0.7245637366606023,-1.0032942287590916,0.21545672404525398,178765.5
23,55,141131,5,34,194,2,1,-1.2302300615829471,-0.5769266071419923,1.5887998780672783,79039.29999999999
24,19,38289,37,12,309,6,0,-0.2918681924321189,0.062170802751257505,-1.4842616284474028,106936.7
25,38,125226,72,42,212,0,3,0.649065923960485,0.013332842496727114,1.700174996630898,213167.8
26,50,115793,92,9,330,3,2,-0.30075357692657384,0.07165508369132823,-0.10982753489371128,239737.9
27,29,24823,31,15,138,3,0,0.2601900812131197,-0.975959516391819,-1.4365273557494127,83846.9
28,39,56975,9,40,237,6,1,0.07709193497879477,0.12958442248121058,0.21723931387764267,66942.5
29,61,24540,51,25,446,7,2,0.352344304624835,1.3827242388910927,-1.269354660474593,144162.0
30,42,31364,29,5,477,0,2,-1.0152635747980912,0.997123272096691,-2.1176990892880125,93759.2
31,66,42663,78,11,433,4,2,0.19630457532546494,0.9828350093247453,-1.5330907918611898,195948.9
32,44,66991,40,34,133,6,3,0.6168904404659568,-0.6368028960927381,0.26448525148965635,123747.3
33,59,119182,41,24,485,3,2,-1.2208207599366023,1.292040277310215,0.446501842369574,154004.6
34,45,109704,86,15,164,3,3,0.25495053913091525,-0.881472275028425,0.21308485496893836,220611.2
35,33,64115,11,38,45,3,1,0.39168430715707114,-1.2088050156971273,0.45611023250242816,62484.5
36,32,106007,23,8,155,5,0,-1.2674320130442285,-1.3135618441262633,-0.23228264346628816,89552.1
37,64,26938,1,5,322,6,0,-1.194159596604277,-0.11052428555938654,-2.0728245639086573,28681.4
38,68,106680,46,48,251,1,1,0.47515969379037853,0.39152327880100973,1.5597870699658778,160554.0
39,61,19000,21,26,388,4,1,-0.039329455163493586,0.9400162919016453,-1.298869340904809,80100.0
40,69,116042,90,18,95,3,3,0.5261900288916043,-1.27073498952748,0.5465606463724364,228562.6
41,20,108610,36,6,494,2,2,-1.877451239177479,0.9203710349737233,-0.6038803555199818,132283.0
42,54,118691,54,37,347,6,1,-0.14089417876080876,0.7446040629623686,1.190693236436682,179457.3
43,68,53304,87,48,364,5,3,1.7794800958735602,1.4417588369381484,0.46341603928451613,232191.2
44,24,84449,57,13,321,6,2,-0.46211097656224825,0.09120235687944397,-0.5479789993802296,161884.7
45,38,97986,1,28,471,4,1,-1.6088509002332807,1.2305490869565816,0.2028455937720912,68945.8
46,26,123940,63,5,308,5,0,-1.118067297718977,-0.2953029369423454,-0.14449084927184425,181082.0
47,56,53494,54,13,20,4,3,0.568012982523186,-1.819857146714288,-0.8403748510857921,131548.2
48,35,18373,55,17,166,6,3,0.8616859262580769,-0.6407763965740004,-1.472833670412224,132311.9
49,21,112532,40,40,306,1,1,-0.15104806933282497,0.5195365586842392,1.2399826374621643,149059.6
50,42,107658,15,45,483,4,1,-0.835513547768974,1.7493969841253056,1.1769948894253721,108947.4
51,31,138633,21,32,161,5,1,-0.858177588852414,-0.7845021414784246,1.496522735260526,107639.9
52,67,115386,47,29,72,5,3,0.08718011780264459,-1.291181448812743,1.0266074613600333,146715.8
53,26,42350,73,3,323,4,2,0.049645290433055406,0.038826531267357606,-1.8039813278303454,176355.0
54,43,108008,53,40,88,9,3,0.6820688191539477,-0.8690715929179765,1.3848721637784687,162802.4
55,19,109297,9,34,380,6,1,-1.1562109068803015,0.767938934481628,0.7964145974527143,86789.1
56,37,40351,74,40,109,9,3,1.9608857511872442,-0.45168344257798715,0.0889785946632715,185555.3
57,45,103668,52,27,465,7,2,-0.6286542737278769,1.3183065652498525,0.3191757266005651,171850.4
58,64,129585,57,13,239,6,0,-0.8634526654013442,-0.5915121010552945,0.3980916235077189,171325.5
59,24,90353,26,45,469,4,1,-0.34510414951891155,1.7464285314803791,0.8703080094632898,125055.9
60,61,80953,41,33,211,0,1,0.23997968855753257,-0.1839599233165657,0.40777295938228103,133335.9
61,25,72458,35,6,473,4,2,-1.3785834302807776,0.8889920344125872,-1.2754142388738365,118387.4
62,64,35358,63,24,82,9,3,1.2613588992807703,-1.0495718639266047,-0.7313880259485073,152707.4
63,52,18267,25,19,92,1,0,0.47286090919048335,-1.1814729109216342,-1.3359338549375448,69580.1
64,31,97745,90,16,180,4,3,0.4960646100596151,-0.7003919467642454,0.018289930486104732,226323.5
65,34,104588,75,40,188,4,3,0.9625667768227659,-0.12204349392978653,1.2395479867843344,210776.4
66,53,53513,38,28,108,1,3,0.5850366006355335,-0.9168803104066171,-0.24825171165752918,111453.9
67,67,26338,2,33,195,4,1,0.16536450475675699,-0.2519489576323109,-0.657764838626013,38151.4
68,57,146484,7,48,288,3,1,-0.9533230437860972,0.3845436449601722,2.247511522501197,96345.2
69,21,22543,82,41,92,0,3,2.438466057867121,-0.4581477324220524,-0.18078209932670936,195862.9
70,19,120891,91,13,264,2,2,-0.08873116621385758,-0.28570437932199705,0.23855948200833288,237967.3
71,23,75692,34,43,96,0,3,0.7954471288705374,-0.7053364001358848,0.8797118054978225,117007.6
72,59,59425,91,45,178,4,3,2.0987644015805826,0.12811376242655362,0.632282853059268,231227.5
73,21,53756,17,25,478,3,1,-0.8208166431442633,1.3918143580378621,-0.7744876720889804,86526.8
74,46,33888,43,42,343,6,1,0.9284132603882138,1.0665795372343643,-0.2064321308894644,134316.4
75,35,62295,59,36,117,4,3,1.1906139295312568,-0.6154899581543465,0.30128818185892386,160538.5
76,43,129352,51,27,400,9,2,-0.8361576326339825,0.8048574462380929,0.8750265490997862,174305.6
77,61,98042,54,38,121,3,3,0.6834391982463633,-0.6659064412610441,1.0692357611449317,162462.6
78,51,100999,24,7,151,1,0,-1.208897709777017,-1.3461979169605063,-0.3694934843631121,89349.7
79,27,32955,25,5,121,3,0,-0.3051195043451539,-1.3821752556528268,-1.7330068316957579,68436.5
80,53,52841,71,43,38,1,3,2.008476501264315,-0.8964552806828229,0.5355956578311908,181252.3
81,31,85640,52,45,473,7,1,0.25669539770100747,1.8740630231572721,0.8005458463514105,175842.0
82,48,76476,70,31,101,2,3,1.0889590188543008,-0.8528271176234333,0.3672837369191022,183492.8
83,65,59811,88,23,416,8,2,0.6683000090249326,1.148791456459622,-0.6222602527410915,226243.3
84,32,86180,33,42,298,3,1,0.13758822268681892,0.573931659795954,0.8299499293926188,127754.0
85,25,127856,49,10,358,5,0,-1.3939120654316697,0.10185853404527127,0.09876011804669245,159256.8
86,31,83450,29,32,384,9,1,-0.47960123062987864,0.8909183966927003,0.22394094941780718,118235.0
87,40,126888,63,43,350,4,1,0.1582126532611021,0.9183368801596277,1.631089696936624,203066.4
88,57,125448,22,30,148,9,1,-0.709423041286629,-0.8765163928832669,1.1655555136654583,104034.4
89,38,29397,26,39,363,0,1,0.47058115701767456,1.0818770176194366,-0.46750992024337185,98469.1
90,33,146800,28,31,329,8,1,-1.2388017208741398,0.3030582737774319,1.4440630057163648,131990.0
91,62,134180,85,18,474,0,2,-0.6843546352957223,1.1704261893895125,0.50776365837706,242954.0
92,35,81234,49,36,108,7,3,0.7526910394473064,-0.7667595469458791,0.6633088700744549,145770.2
93,64,54954,71,2,232,8,0,0.014169103141706031,-0.6349948154463205,-1.5195420686948131,171086.2
94,41,94459,81,14,162,8,3,0.315734695379855,-0.8893333662278575,-0.12764561127610213,205437.7
95,43,74163,84,13,84,0,3,0.7855925312824144,-1.3590570303973801,-0.48107107966401913,200948.9
96,42,66934,49,29,95,1,3,0.7092142662860922,-0.9829052318566405,0.07830320964745925,137330.2
97,62,69098,20,12,218,0,0,-0.8448326463438953,-0.6927802181557562,-0.8192428108883268,77629.4
98,58,20486,86,39,162,9,3,2.3152451490894768,-0.02393026883872826,-0.3794813781278115,205745.8
99,46,101900,92,2,424,1,2,-0.5946334764873643,0.5639075207565764,-0.7946501225428058,236770.0
100,32,141020,63,32,422,9,2,-0.5996125726080619,1.0790703716941719,1.3191945596254329,205406.0
101,62,117795,61,13,335,7,2,-0.8449204464322132,0.09478175825329017,0.0797255269626208,180588.5
102,18,102508,49,46,112,4,3,0.8371419978581539,-0.5572224350895106,1.5298609257020082,157352.4
103,42,133324,71,27,492,6,2,-0.6760889963898584,1.4694226318665133,0.8773023151437939,220097.2
104,24,75566,1,49,436,1,1,-0.4562854534541687,1.5891704591551923,0.7824832783448865,70969.8
105,26,42192,96,41,324,7,3,1.9464265991644025,1.0667126098618918,-0.024980947789451577,241357.6
106,41,16062,13,17,243,5,0,-0.17208219519133383,-0.26288352853977254,-1.6339600819232225,51468.6
107,18,99076,94,40,310,7,3,1.1565823603724652,0.7673376104771592,1.029252804499936,253222.8
108,61,104780,87,31,447,0,2,0.2862170783907886,1.4114732691235838,0.576860739682756,243284.0
109,25,36689,51,34,121,0,3,1.2723708048739029,-0.5865188887180011,-0.2928904181956814,136056.7
110,41,26174,56,24,493,6,2,0.29189016938402684,1.6812210739585243,-1.3270096617360407,156502.2
111,28,103461,83,45,286,7,3,1.1075146619249447,0.6822627706631903,1.3587148327474126,233838.3
112,68,141174,62,35,374,2,1,-0.40141609021507907,0.8314563817265254,1.508531178591789,202552.2
113,34,118033,32,48,475,4,1,-0.48197310094284274,1.7955831109241402,1.5385861537722976,147159.9
114,25,24348,30,6,129,0,0,-0.06830275659270828,-1.2611350595508315,-1.8546813817046246,76754.4
115,52,53102,29,19,481,6,2,-0.7883467154114694,1.3046175928263208,-1.0568572896841917,107480.6
116,52,89460,49,30,349,4,1,-0.12949445852188504,0.657225586148937,0.3002219683630711,157288.0
117,50,117634,45,7,469,7,2,-1.7106567707811149,0.7816255203805843,-0.3512671862676234,152240.2
118,22,104930,93,10,449,7,2,-0.37327118494536665,0.922491814890613,-0.39005343228079753,244929.0
119,59,21801,30,41,284,8,1,0.9094785765200145,0.6443164835603346,-0.4369361543528434,101240.3
120,56,118150,16,32,22,6,1,-0.37808282303130897,-1.6600189659202673,1.239697851514252,84545.0
121,58,16542,40,34,104,0,3,1.3418363862855522,-0.6739212177825832,-0.6716145786539882,107162.6
122,45,36677,19,28,301,2,1,-0.03879472289020387,0.3516543935527404,-0.7823297943973171,78053.1
123,24,54081,18,15,347,7,0,-0.8751689145174446,0.27685913571556464,-1.0991192184156018,77074.3
124,26,108105,1,30,323,2,1,-1.3276710155325504,0.2675358485593511,0.6379986958597308,65581.5
125,25,34065,78,37,469,7,2,1.1914721393400989,1.8940506108545323,-0.5286266819007555,208169.5
126,29,103092,47,29,473,0,2,-0.670860843031634,1.4061743141641672,0.38811628497973255,163077.6
127,51,69693,66,22,431,4,2,0.002906793470063665,1.1197437846092753,-0.5152980742922714,185457.9
128,50,41962,92,4,136,3,3,0.9216917270040167,-1.1120752849461568,-1.5591387759952173,205388.6
129,65,43295,94,20,240,4,3,1.302428136469606,-0.02222180616592483,-0.8946941752520686,222988.5
130,40,28807,38,32,173,7,3,0.9071641369493353,-0.3103863711251918,-0.6009180562942896,109292.1
131,41,147396,51,36,172,9,1,-0.2152644224812102,-0.5391949921320586,1.8667347283924747,172818.8
132,54,106267,63,4,31,3,0,-0.2900226227833718,-2.1029066788315687,-0.250425074062531,161430.1
133,52,34870,4,27,152,3,0,-0.028029940606032845,-0.7058012920797287,-0.7275133964612752,39561.0
134,61,41790,1,17,323,2,0,-0.9447481750259601,0.14856710401761214,-1.2334246946616025,39187.0
135,57,133874,8,12,312,6,0,-2.159266861107898,-0.308617414259511,0.3143366098132786,77762.2
136,39,40289,29,22,482,2,2,-0.5119950377803343,1.425210293348004,-1.1639610106743208,105186.7
137,44,30485,55,17,319,2,2,0.3531294005844416,0.33669218844281523,-1.3949532920591463,143595.5
138,52,59482,3,10,247,9,0,-1.2192516793640837,-0.57717819575925,-1.1410774183343184,41194.6
139,18,101188,32,1,290,4,0,-1.583478054620894,-0.5473267090233541,-0.7762610550882741,109356.4
140,52,19748,10,22,62,4,0,0.31665216222692405,-1.360422713546533,-1.1524668486256933,40024.4
141,54,18709,74,26,451,5,2,0.9401802008992317,1.5352840532394059,-1.317980300048424,189162.7
142,64,138961,83,18,362,7,2,-0.532483331636705,0.4062429559884162,0.7099934556809654,234788.3
143,31,45355,34,14,345,9,0,-0.4556981571230152,0.3188911678851242,-1.2953816153913582,105856.5
144,20,57918,97,47,321,5,3,1.9919403402679343,1.150839731514073,0.5579862772693722,250925.4
145,18,67224,87,29,383,0,2,0.8487769555283337,1.0528659402660119,-0.17005973541638794,227817.2
146,22,54298,55,12,398,7,2,-0.32431369517350866,0.6631429995177212,-1.2505392633865342,152189.4
147,43,95219,92,36,446,7,2,0.7046242147255156,1.5751432296863046,0.6313955207129438,252865.7
148,31,76629,32,35,40,8,3,0.5721780290924289,-1.2850565857187448,0.5812527251441344,106488.7
149,56,81040,50,12,426,8,2,-0.8431794520104807,0.7499137755256521,-0.77172987496085,151612.0
150,44,43016,7,7,126,1,0,-0.7540220856155437,-1.3902336753887423,-1.4697449827173685,36704.8
151,26,38960,93,29,355,1,2,1.4086420348783635,0.9741088740425785,-0.6770503788815241,229938.0
152,32,48591,8,11,322,2,0,-1.1060893568445924,-0.00475030519600894,-1.3738311338397964,52177.3
153,32,118333,65,33,136,0,3,0.4310218735163706,-0.7164426519057044,1.2209616562431167,188799.9
154,43,129821,57,6,143,3,0,-0.9065534512937723,-1.4028572399525892,0.17467855523091888,163096.3
155,59,51395,67,47,418,3,1,1.2209295885958928,1.7143081466074162,0.3074351516383619,193818.5
156,30,144695,88,15,300,8,2,-0.4710451498939058,-0.08048194467021506,0.7476952401668057,241908.5
157,68,49620,87,32,311,8,3,1.3548776529737538,0.704045174917699,-0.29541959182548083,220436.0
158,49,143148,59,11,222,8,0,-1.033549750652924,-0.7890201490321618,0.5838684665427439,177544.4
159,56,35559,72,23,70,9,3,1.4392828825974198,-1.124644788223482,-0.7533686405955213,169667.7
160,66,108396,54,26,290,6,1,-0.2843866132833093,0.12493253106980405,0.5411537095144665,168018.8
161,69,36732,67,34,343,1,2,1.1014223044220048,0.939002841230107,-0.5002835627289905,179169.6
162,49,106362,51,46,296,9,1,0.40763584051171103,0.6579151542855446,1.420441906296427,171708.6
163,21,28843,97,34,160,4,3,2.257544007311632,-0.15049723709847387,-0.4389981162040706,227652.9
164,47,129065,92,29,489,3,2,-0.09558230806466668,1.5822721709164629,0.9112728744774248,261669.5
165,54,86726,8,4,294,7,0,-1.7996508062700567,-0.48170684175147915,-0.9404894517448198,58717.8
166,40,32640,34,17,309,1,0,-0.09587477520886317,0.1937892421756901,-1.3634013141617183,101742.0
167,56,67528,35,35,353,5,1,0.037425206649445354,0.8288304685615213,0.09517119690152952,125408.4
168,62,53413,96,13,400,4,2,0.5862159630051756,0.8405459767923542,-1.184596398375953,234523.9
169,32,67638,88,41,471,1,2,1.108503310076748,1.9367152121757552,0.30653989283547217,240341.4
170,60,125133,78,39,392,9,2,0.2533805430648468,1.1528704545904074,1.3839594034253209,232639.9
171,46,121357,32,15,71,0,0,-0.8252847088965899,-1.7139959337445272,0.478819665709645,111457.1
172,53,93859,46,29,46,7,3,0.4065980898258867,-1.400718527796281,0.639928571455336,136957.7
173,30,114657,16,29,176,1,1,-0.7966270707629901,-0.7024447147281968,0.8789361743242764,89697.1
174,49,26023,68,11,258,6,2,0.6030343833821259,-0.15992126951672958,-1.6848818231938216,162206.9
175,24,36447,37,32,175,8,3,0.781724368061144,-0.32395888514890087,-0.457689626846601,109684.1
176,68,140899,54,2,310,8,0,-1.6456006599901343,-0.43873357672745245,0.030464477614887294,166769.7
177,39,38959,85,47,155,7,3,2.3660605855787837,0.06824663121425173,0.35089422059943615,212937.7
178,45,81203,14,14,163,9,0,-0.9293932893545355,-1.0650906679884133,-0.4452550204543442,67510.9
179,19,134156,95,20,125,8,3,0.40095113329728377,-1.0611518786971739,0.9603798265530358,246496.8
180,59,24337,55,22,439,1,2,0.34416569511445244,1.275708330093101,-1.4014986428896636,150251.1
181,62,61427,48,11,177,5,0,-0.09621223288346467,-0.8726801824320709,-0.9448208416545181,128778.1
182,23,76529,82,27,165,3,3,1.0467371576684703,-0.4879396971047696,0.12980290686526266,208708.7
183,45,117023,7,3,21,3,0,-1.628061520313685,-2.4137022196030546,-0.13355436068028184,51656.9
184,45,99665,74,17,452,4,2,-0.45301887320963996,1.0692225627605159,-0.18719468206926934,208999.5
185,61,120787,7,44,96,2,1,-0.3266296830051859,-0.9091702708170617,1.7635115945019433,77036.1
186,61,48307,33,28,151,0,3,0.4488351534102395,-0.6323311897313026,-0.395802603385945,102042.1
187,37,142016,23,29,109,7,1,-0.8523542259397917,-1.2076641237063488,1.4763657155415377,108554.79999999999
188,47,19835,85,21,364,4,2,1.1715646057514013,0.867223831224341,-1.430371034596364,204650.5
189,28,35159,19,47,369,2,1,0.5307437798079063,1.2793953817631216,0.0009477706952742225,90497.7
190,45,136790,19,16,478,9,1,-2.196584861905402,0.9193891450204291,0.3989426318956554,110937.0
191,42,120616,36,37,282,6,1,-0.39751785725778205,0.2476281019908586,1.2759746957973597,140784.8
192,56,93752,29,20,370,6,0,-1.0275748312331283,0.46821630571685396,-0.1211026171824659,114625.6
193,50,70284,60,6,127,0,0,-0.029360435728340236,-1.3158023604579259,-0.9455599295488571,150435.2
194,18,72043,82,19,93,8,3,0.9731692472578582,-1.150428914908029,-0.25444681543887554,199762.9
195,44,112007,2,5,58,1,0,-1.6787383920928167,-2.1198387498931983,-0.178730102694403,43002.1
196,69,97844,1,3,416,4,0,-2.409282343702513,0.24505743190854487,-0.9033846491605194,53653.2
197,30,42532,47,1,178,4,0,-0.2443019099360646,-1.0597065114865747,-1.771822508216822,116159.6
198,58,137402,69,38,90,7,3,0.5576596960844593,-0.9426408669843,1.867601471276638,202720.6
199,20,133012,20,15,466,7,0,-2.135781439887517,0.8299107524450675,0.29331111586693753,110703.6
200,56,71178,11,34,331,6,1,-0.5041345007296361,0.5669018072104449,0.1182229143051245,76903.4
201,23,64407,2,35,260,6,1,-0.4061822156934369,0.11171226645344981,0.09796545100245052,53822.1
202,25,65990,67,49,445,5,1,1.0428345447813252,1.8981666479545296,0.652241344122952,200547.0
203,44,144473,87,25,464,5,2,-0.4936260095760028,1.2530205009262254,1.0411111769483365,253041.9
204,26,73141,12,24,317,8,1,-0.8478640079319807,0.2228797417693968,-0.2927287492446035,73792.3
205,54,71570,20,12,459,5,0,-1.4291263234098246,0.8979854917577008,-1.014305871871936,90421.0
206,50,16015,5,18,55,1,0,0.12722908075437148,-1.5114026935284774,-1.406963628400564,26554.5
207,68,76813,37,15,103,1,0,-0.21148027309533213,-1.3480603912887121,-0.4009422901112592,109693.9
208,59,42712,38,44,471,4,1,0.48863902627507927,1.9213957778129525,-0.0783147648590064,134363.6
209,61,115497,94,16,393,3,2,-0.1390161617217514,0.670982622766962,0.1475036038811307,250299.1
210,41,127816,9,27,282,1,1,-1.4333817343504158,-0.11292214038994235,0.9248297542326288,83944.79999999999
211,32,143778,98,8,329,2,2,-0.5740923628441976,-0.025939257125904697,0.38591402110304696,259583.4
212,49,77292,53,46,404,6,1,0.5819753304797831,1.4702995519124993,0.7575022448385188,172387.6
213,49,38833,44,25,191,7,3,0.6019426943895253,-0.375790645781639,-0.7460192199166914,121699.9
214,41,35309,99,17,395,5,2,1.045903194049368,0.9724631427928245,-1.337728800130732,236842.7
215,58,21970,86,29,192,4,3,1.855850847422077,-0.07799072011690877,-0.8447863008192913,202691.0
216,69,87474,24,8,381,0,0,-1.5220529080230283,0.2456773754032976,-0.8132193275825307,97292.2
217,66,61540,81,15,66,7,3,1.0024570257660919,-1.3999006649493737,-0.614604688094934,191262.0
218,66,33017,74,27,398,2,2,0.9119459967709014,1.1645996744481197,-0.9445665937878467,191305.1
219,69,90880,30,46,160,5,1,0.4774617117817995,-0.2663869209155089,1.241248702630871,118264.0
220,29,120570,59,7,394,2,2,-1.281334999441488,0.32180729625632026,-0.20650977488077135,177371.0
221,56,23702,87,3,425,6,2,0.3552767055841825,0.8193235372504794,-2.250199919167637,203860.6
222,19,146456,96,29,137,6,3,0.5682184979627272,-0.7924616634118885,1.6017699990549576,257286.8
223,20,15404,81,44,296,8,3,2.15463688491401,0.9880027445133412,-0.38440883343554866,203421.2
224,66,27763,81,24,233,4,3,1.395005457922337,0.03522220071157013,-1.0116418198933186,193978.9
225,54,113142,14,3,239,7,0,-1.9288186378573795,-0.9326151225303148,-0.42046333936096175,75392.6
226,66,95642,9,20,412,9,1,-1.5710969181377392,0.6743364495696452,-0.14597479395333685,77292.6
227,34,65612,40,46,45,9,3,1.2820282317956333,-0.9180433773297381,0.8828326310556462,124933.6
228,66,38574,66,15,28,7,3,1.072291804834652,-1.6312307691776065,-1.0299069092333832,152472.2
229,19,38524,25,25,290,0,1,-0.022305292358819652,0.21846417146780606,-0.869347886118502,88557.2
230,19,25916,73,30,29,4,3,1.9401147076026979,-1.189643828267432,-0.5712304517253967,170224.8
231,45,19809,22,14,491,2,2,-0.7102530243781789,1.3258251501583012,-1.9422676346899277,81492.7
232,40,136288,4,7,397,0,0,-2.6556580570387176,0.11014149441784447,0.039520538826203586,72236.4
233,54,53765,26,17,140,3,0,-0.15357667346330575,-1.018703497192559,-0.7967716334433566,83629.5
234,49,60106,58,44,144,7,3,1.4332548185884224,-0.23424575697280703,0.602136361464207,163231.8
235,50,68932,29,20,189,2,0,-0.2890027482149402,-0.65585637334359,-0.41397280331899255,98129.6
236,18,72091,98,36,91,9,3,1.946463040644332,-0.6881603092924381,0.5515209057471139,240177.3
237,36,36949,87,9,171,1,3,0.9869487563900181,-0.7569469368593542,-1.4631869572352116,198134.7
238,19,52744,37,38,227,8,1,0.6726712644056153,0.11985401581896778,0.0799523468523919,120173.2
239,61,123319,75,48,68,9,3,1.2899807633254836,-0.7767732425341287,2.0894380033277447,214395.7
240,43,107193,70,22,173,4,3,0.188908196303135,-0.69342841973886,0.46542283709132565,191807.9
241,49,51187,18,2,366,6,0,-1.3636121344242185,0.08877520104141282,-1.7761871483758775,70656.1
242,23,139454,85,24,312,1,2,-0.1593416373135124,0.2288529534845593,1.0497060594829288,239436.2
243,49,29489,42,8,87,8,0,0.28864461490877474,-1.4658428209039729,-1.6100948722342434,101196.7
244,21,76877,41,11,69,8,0,-0.1984294608117533,-1.6598146283162802,-0.5471781233363412,114013.1
245,28,64922,38,13,171,3,0,-0.2651523196418581,-0.9068439611329304,-0.788608240296776,110526.6
246,34,109074,34,17,38,3,0,-0.47283785244976223,-1.8387145369587865,0.37157544454121777,111122.2
247,55,52131,17,8,119,5,0,-0.6085132386595036,-1.406547778074452,-1.2325524562911818,59589.3
248,41,130765,37,21,79,9,0,-0.6379676658824779,-1.5241516221749938,0.9335990578805072,127679.5
249,22,88963,25,18,186,9,0,-0.7023900280843807,-0.8003988845836277,-0.12415901004450879,94988.9
250,69,121884,76,30,221,9,3,0.31103639140513145,-0.20152514502893337,1.0747041510696596,214615.2
251,51,140917,87,18,364,5,2,-0.478066900229479,0.4268132522022562,0.7491666414206569,243475.1
252,23,39285,86,46,165,0,3,2.3229013472013764,0.11205084707297407,0.3016621609987772,215035.5
253,39,52626,85,47,422,8,2,1.5760819333156275,1.7970070012775579,0.34388334647393365,230387.8
254,28,34198,27,31,183,1,1,0.5443018661878378,-0.32213721011424024,-0.564517508498772,88909.4
255,65,30254,57,38,477,4,2,0.8162436653548328,1.91372993330072,-0.5829735806713048,165926.2
256,33,59238,31,32,458,8,1,-0.29079483834230924,1.4628597788488125,-0.3118563924281603,118671.4
257,50,16252,6,11,261,3,0,-0.5865030799529453,-0.31648159992471453,-1.9331231349668705,35425.6
258,26,54764,91,45,88,2,3,2.3657561185610727,-0.4544478605886909,0.6336100677921648,225329.2
259,23,92709,40,25,194,6,0,-0.19271134941647736,-0.5349784453615969,0.27803833590950305,130012.7
260,33,68682,98,33,68,5,3,1.9322523805664853,-0.9047520765119222,0.3703659804925254,236504.6
261,46,74494,12,38,127,7,1,0.0895114583655837,-0.6935630148381294,0.5731731432837864,71698.2
262,20,96317,53,41,245,2,1,0.5121853659102289,0.23300704625095328,1.0496493147435981,167645.1
263,37,80215,71,8,180,4,0,0.026326140653086815,-0.9085151240723015,-0.705800516177505,179064.5
264,53,93587,10,11,138,9,0,-1.229701158294409,-1.3568612132072868,-0.3259834648323618,60476.1
265,36,21949,45,22,168,3,3,0.7847559403459055,-0.5475928182212646,-1.1840575701957554,115984.7
266,43,70393,17,24,484,3,1,-1.0888563266496079,1.355574451842611,-0.5085512439519562,91317.9
267,20,40934,26,41,169,3,1,0.8386176444101574,-0.1905823166132229,0.0410341868784334,93230.2
268,36,90745,85,17,451,9,2,-0.10183768384701047,1.1266751179764618,-0.3465209669011978,228273.5
269,37,109456,92,12,312,7,2,-0.06541351096265546,0.04631034876851709,-0.07391571540388732,238436.8
270,49,68413,62,46,162,5,3,1.4423827870407429,-0.07740729066049609,0.8394416672472972,175623.9
271,24,112239,46,32,438,2,1,-0.6198288990484527,1.217110693884785,0.736446638819478,163571.7
272,69,57318,64,15,495,9,2,-0.2843356499250761,1.4016964721923733,-1.1427863880706364,177445.4
273,58,85390,2,16,474,4,0,-1.8757401501077007,0.9943765908960449,-0.5964719316128867,61317.0
274,50,58088,54,22,179,5,3,0.4780226143671278,-0.555848594822131,-0.4951970606418751,145376.4
275,57,118196,65,28,30,4,3,0.48995686089503043,-1.5432702401795892,1.093174191862145,180958.8
276,56,70479,51,20,157,5,0,0.22901471311443183,-0.7995667772060123,-0.33151569562147654,140993.7
277,35,34963,53,33,476,7,2,0.4868840500326994,1.7550546261938957,-0.7273927227213179,156788.9
278,57,70123,36,10,97,6,0,-0.31719675957579135,-1.494832657484486,-0.7556158495711751,102886.9
279,18,140911,26,40,96,4,1,-0.33631886632229824,-1.0071824763064436,1.9809987549876327,119073.29999999999
280,28,117468,29,32,460,9,1,-1.0977270498152343,1.2903056704131157,0.798393589626548,132240.4
281,45,88477,21,33,273,5,1,-0.4228952837275564,0.13747097409092976,0.47058571719087944,98693.1
282,42,29388,11,2,428,3,0,-1.369007797830957,0.5437268852726375,-2.2622064523486367,53216.4
283,67,20569,40,33,277,8,3,0.8558728198769345,0.43622127097519753,-0.814894070016878,116520.7
284,40,84836,11,33,339,3,1,-0.7378699107663865,0.5530919050921205,0.32514949013292876,80900.8
285,48,119573,36,41,310,0,1,-0.2995166515205261,0.5359248023150148,1.4132722056983709,143871.9
286,47,60002,59,13,282,6,2,-0.011403212057924307,-0.0855770537519799,-0.9746345772235754,156600.6
287,59,39071,39,30,104,6,3,0.8781064733645247,-0.8459521236180715,-0.4269086869542739,109921.3
288,52,73243,99,33,165,3,3,1.6716644163546202,-0.2721260985023809,0.3610257517295613,244722.9
289,24,140827,54,13,342,2,0,-1.309521843253362,0.047028027374420064,0.5067886700687093,173848.1
290,33,123215,98,26,61,7,3,0.9765431203199337,-1.2928832930795677,1.0963394437816651,249014.5
291,43,116570,55,22,393,4,2,-0.7544016587298111,0.686851040762002,0.40949694402268483,175621.0
292,65,84724,24,39,144,9,1,0.20775723485053846,-0.5474718160617476,0.8094436617449356,100117.2
293,69,130359,22,2,186,6,0,-1.9002266717344622,-1.3352943565773698,-0.07657743776081323,93407.7
294,66,90697,69,38,444,3,2,0.35644805857689654,1.5488719077313167,0.6179744407102189,206409.1
295,19,43732,56,39,260,3,3,1.153363908535027,0.4545798862561416,-0.06145437290039211,157619.6
296,18,136465,33,26,478,7,1,-1.525182653694196,1.21548453100299,0.8694118705112319,143839.5
297,65,72108,36,46,299,7,1,0.5309016662821925,0.7332370181907751,0.7479297294766628,131582.4
298,29,126195,20,15,207,1,0,-1.4535415487117735,-0.8668670946446695,0.42334096960680645,95708.5
299,22,118081,83,34,321,1,2,0.42807040265175245,0.5961017200335297,1.0933657645307628,234474.3
300,54,51668,99,42,38,2,3,2.5783642165502743,-0.8244255967894905,0.4931152757803743,236400.4
301,49,38061,81,44,87,2,3,2.337619274777162,-0.46784567072624683,0.25927807305011835,199768.3
302,26,94252,62,49,237,0,1,1.0447013697818752,0.4150507285578569,1.3974663043591011,188625.6
303,58,54749,98,40,121,2,3,2.252636791623124,-0.33645186071514704,0.3749509623851262,238474.7
304,52,145560,73,11,61,5,0,-0.40039950244876116,-1.8175993504396502,0.8050856013795173,198218.0
305,36,119680,26,3,307,7,0,-1.9163300171638866,-0.46176636437543683,-0.35247449028029837,104754.0
306,65,66745,66,6,186,9,0,0.008485748237488704,-0.8936256019211486,-1.0669672348330108,164323.5
307,33,123464,73,9,128,5,0,-0.3397057399328004,-1.3549483271590175,0.22222854387412772,193939.2
308,20,106865,73,6,55,4,0,-0.06721677689254436,-1.8625706314963208,-0.161014276924207,183809.5
309,37,127428,40,9,251,3,0,-1.3705569970041174,-0.6612998258049544,0.14336353632842147,135278.4
310,41,38624,17,39,248,2,1,0.4233630003586591,0.2608012774566093,-0.18377487575975934,77487.2
311,50,38321,1,31,372,3,1,-0.49187540731671564,0.8320670696071405,-0.700133978870527,47596.3
312,41,37574,89,32,183,6,3,1.8475733219589507,-0.10115839626144586,-0.395298618020418,214422.2
313,69,133831,61,41,406,0,1,-0.1772132577913247,1.2120267638201319,1.6130313923134232,202949.3
314,28,110257,43,12,92,6,0,-0.6074319674295376,-1.5784653409063523,0.11659934919882778,129677.1
315,66,79291,42,8,155,0,0,-0.5171879734676047,-1.168076268181473,-0.725594624553696,119537.3
316,25,142600,25,8,372,1,0,-2.199874673636771,0.01971154187618371,0.2515221168268479,115380.0
317,53,65428,39,28,398,3,1,-0.2136235005940178,0.9731430744564682,-0.31097441910106344,131528.4
318,55,146374,35,20,89,0,0,-0.9440157328043599,-1.537361610169495,1.173963984826255,128362.2
319,57,146127,3,47,444,8,1,-1.4276514570344396,1.3821023905695613,2.0336875271753057,95538.1
320,37,126317,44,7,215,5,0,-1.263326288482317,-0.9330110232868694,0.06936310023978705,140145.1
321,52,142449,51,11,288,0,0,-1.3446620295750105,-0.37578896968110376,0.4966025822068893,164634.7
322,65,43699,94,20,68,0,3,1.6911318821946006,-1.1642111400524822,-0.7139929538338404,214509.7
323,42,88686,98,16,335,5,2,0.4283348300751031,0.3821257930502264,-0.3033964401924048,247355.8
324,52,82661,12,4,149,3,0,-1.3299281209909035,-1.4175518789452999,-0.8686886617112879,58248.3
325,42,59247,19,6,463,3,0,-1.521350579404369,0.8100205805987802,-1.5331676017140212,81924.1
326,46,120113,44,22,24,5,0,-0.187886780963426,-1.8079891470557967,0.8380320869935061,136233.9
327,35,19621,59,26,447,6,2,0.6204520823279296,1.455984697166136,-1.3106059203027345,159236.3
328,63,33030,49,3,46,8,0,0.29861003338692926,-1.8495738107623378,-1.7262975293575478,111709.0
329,35,97838,61,41,179,9,3,0.8125679361688499,-0.18275318668215002,1.1526428978770509,180801.4
330,19,99717,17,42,168,4,1,-0.07945737934873943,-0.3832051091417035,1.2046558369249565,93315.1
331,52,53638,74,14,283,8,2,0.4234931479545156,0.015445973456084928,-1.036954648815617,185241.4
332,33,82067,57,11,249,3,0,-0.3403589038767888,-0.42868305180312055,-0.6138542031566837,156570.1
333,58,133033,55,18,219,9,0,-0.7192602700987892,-0.6171964327355961,0.7140617683172571,169859.9
334,53,120977,47,12,69,1,0,-0.6101494171179612,-1.750665464062411,0.34859929985801874,139743.1
335,50,103869,12,23,86,2,0,-0.7569719891007566,-1.4285563962599606,0.48115554209543104,70960.7
336,21,120186,62,12,319,0,2,-0.8554797909719439,-0.040205827762800316,0.0961508742461303,182005.8
337,50,49674,80,13,400,5,2,0.29690350117265724,0.798754411205399,-1.2711741607171392,201402.2
338,31,61271,88,25,77,5,3,1.5000052916783169,-1.0543395931039388,-0.16070512308115398,210731.3
339,38,88688,83,45,278,0,3,1.3186737171007223,0.674657001376415,1.0841015008540078,229006.4
340,65,126076,8,19,361,2,0,-1.9098014087079525,0.21427821615224038,0.4403279175982549,81372.79999999999
341,37,16062,95,46,345,4,3,2.4039249778777845,1.4072841878072577,-0.31523176240886047,235068.6
342,25,65448,21,36,149,2,1,0.2731282747258332,-0.5395354546463731,0.29372052611818994,87084.4
343,24,110462,81,45,234,9,3,1.0929740035994608,0.30918401774565707,1.5430820691348182,229338.6
344,20,62915,87,8,191,2,3,0.5650681028817288,-0.7290380009069819,-1.0328336009694141,206424.5
345,34,19632,80,29,277,9,3,1.5648767643943318,0.4729577822767154,-0.9806394884830171,194239.6
346,50,119592,70,32,121,2,3,0.5174777256045716,-0.8279913150702478,1.2184817319099728,197927.6
347,65,149668,72,44,228,4,1,0.3676324981944461,0.09394029683755716,2.244450424396129,222300.4
348,29,124779,25,18,310,4,0,-1.4539325866755812,-0.08819571404181831,0.43642451740858373,111933.7
349,68,123099,82,6,373,3,2,-0.8173302236207551,0.226515034305344,-0.16173882840051124,222579.7
350,39,22561,89,18,490,0,2,0.8205080688999761,1.633284988879554,-1.6402241997982587,218268.3
351,39,97152,12,19,305,4,0,-1.3194501917424564,-0.0548130382005261,-0.05301240803180001,77895.6
352,63,140036,15,22,135,9,0,-1.3150372820454648,-1.2297049315093374,1.080345074705382,89760.79999999999
353,47,139049,59,37,283,4,1,-0.15437254642286075,0.2741595000199981,1.6492728056865287,192364.7
354,55,41734,26,32,169,3,1,0.4939993151764289,-0.41665948524629803,-0.3608356487679614,88970.2
355,55,41069,26,41,319,5,1,0.4932706742574988,0.8038392558204717,-0.10722986625100742,100770.7
356,62,27910,47,3,461,9,2,-0.6274070931560246,0.9118991771935088,-2.24348409240695,126923.0
357,68,88479,32,28,55,3,3,0.12322493963982366,-1.3959552790796155,0.46842875478442336,107293.7
358,25,96264,10,10,472,6,0,-2.0668239501838945,0.8252264667020751,-0.6570023062287949,77479.2
359,44,38275,16,35,352,6,1,0.020044803136241723,0.8489128896584961,-0.4813914352260237,78582.5
360,44,87274,71,29,496,1,2,-0.009891328471380674,1.687326398523169,0.08489010256903068,207482.2
361,51,115776,17,15,306,2,0,-1.6077036730432552,-0.18821138935359175,0.12161086787764759,91532.79999999999
362,38,63447,23,33,322,0,1,-0.1661472635169933,0.5461229483408384,-0.05572161141269855,97634.1
363,47,141394,26,7,330,7,0,-2.1039270556617686,-0.27664752803231046,0.22527125713564497,114418.2
364,50,90703,85,12,227,8,2,0.22614395486550107,-0.4830498074984352,-0.3538243919711009,214560.9
365,45,91090,86,49,125,3,3,1.8496962323609953,-0.2380892326196747,1.4721554721813304,230077.0
366,64,32260,7,30,465,5,1,-0.5361189824749321,1.4626534545555998,-0.950340811717245,61928.0
367,50,127581,14,21,177,8,0,-1.3069267828177504,-0.9410073607415055,0.7525079150204409,85624.29999999999
368,22,18812,79,31,140,5,3,1.9425167042102374,-0.3867756054395241,-0.766789214151069,186143.6
369,65,131148,7,24,74,8,0,-1.1540940456350752,-1.5838814593530097,1.0568184356106514,69044.4
370,36,131421,9,20,419,3,1,-2.0541603717637766,0.6106806544895065,0.531561509816481,88376.29999999999
371,21,16605,48,37,31,7,3,1.7886763706661435,-1.0570827335825772,-0.4504191747013416,121031.5
372,52,87303,72,4,164,8,0,-0.15693589021115456,-1.1324926061854526,-0.7385642038422766,180390.9
373,66,91125,59,28,419,3,2,-0.17450492511678367,1.0999773099677015,0.17837657093635906,180287.5
374,34,139040,87,44,415,4,2,0.3950118051394831,1.4168339952800737,1.8671419855874762,258462.0
375,61,19324,93,20,155,7,3,1.7888914160758613,-0.5155419369620544,-1.2688020449589148,209547.2
376,45,91323,82,24,487,9,2,0.0046745583793454705,1.5275881629584693,-0.0500140233899316,227746.9
377,47,24111,95,49,22,5,3,3.1501044988933087,-0.6851571483384878,0.3026562938482794,222833.3
378,46,31389,94,32,163,6,3,2.079780467769192,-0.1981190792825404,-0.4888267793637595,221566.7
379,63,137177,39,41,49,2,1,0.13192999586763732,-1.239260928697467,2.0153910059088243,142103.1
380,23,56427,99,36,256,6,3,1.7941170726990168,0.45768481899420627,0.0868225746654292,245728.1
381,52,137883,18,34,298,7,1,-1.1513310421186622,0.16612263445650668,1.4342853155321287,109264.9
382,58,146189,59,36,367,9,1,-0.47711033235758105,0.7844542876826567,1.6550583496313045,198206.7
383,54,140808,17,2,134,5,0,-2.0231718495629223,-1.7289744798402122,0.17094236270393295,83942.4
384,41,127221,14,15,123,9,0,-1.401320975576295,-1.4471182418400022,0.5218070844083754,79816.29999999999
385,46,28234,31,34,137,8,3,0.9234384956434699,-0.5210086064076845,-0.4895513463283592,94320.2
386,66,68441,24,36,24,5,3,0.5837779631199903,-1.3677819307329548,0.4795124273251875,87732.3
387,63,15846,99,6,487,8,2,0.6807880282487311,1.3692035472130382,-2.3125252511969716,230103.8
388,48,25954,60,39,379,3,2,1.1973755293631887,1.3118387324844079,-0.5175214731213564,166236.2
389,52,94239,45,42,267,7,1,0.35698892893770223,0.3835083733654557,1.0265998270594097,152621.7
390,50,61514,98,12,383,3,2,0.5245459550958479,0.6846891055844694,-1.0569735231096373,239604.2
391,69,103236,3,3,340,1,0,-2.2633173096598465,-0.2689209633282156,-0.7219081634953327,55470.8
392,38,112579,37,45,140,9,1,0.3508283074853825,-0.4673227948596625,1.6367645264464732,137273.7
393,49,57101,43,18,305,8,0,-0.178684017845763,0.1468257634978038,-0.836543612552778,127380.3
394,40,79323,40,40,168,4,1,0.5985327796906117,-0.29353903497270245,0.7433590831553961,132196.9
395,50,106922,90,21,103,3,3,0.738302379631433,-1.1150788465755896,0.5030772393470998,227726.6
396,20,142534,55,15,473,1,2,-1.536473982839003,0.9636236995646894,0.501355473328342,183910.2
397,35,82584,87,33,425,0,2,0.7005990415237715,1.3835468537361029,0.2670047528496599,236525.2
398,42,119537,39,35,485,6,1,-0.859282344127708,1.5575943274624076,0.9612970051563576,155611.1
399,59,93477,15,26,475,5,1,-1.3375641954921749,1.2678919984625616,0.033002409700758795,94793.1
400,48,57533,4,8,250,1,0,-1.253811634329841,-0.5976463938858595,-1.273151510186397,41759.899999999994
401,20,16828,93,36,307,7,3,2.0673965090181374,0.8977781499828815,-0.7277702224082928,224398.4
402,57,16917,86,48,180,3,3,2.654777540894526,0.33004673427314507,-0.04869372361494226,210075.1
403,63,35618,25,30,291,7,1,0.19898988160080183,0.3582683311629958,-0.6941905722655562,90235.4
404,41,47254,13,23,479,6,1,-0.8970263301509686,1.355435112190828,-0.9963643897110145,75626.2
405,67,120292,82,42,57,4,3,1.2798318240019022,-0.9661752320972194,1.7710444541956314,223937.6
406,49,62362,33,44,245,9,1,0.6441499569511447,0.345396032230982,0.5202345419419782,118958.6
407,64,35128,16,14,161,9,0,-0.2811224024611981,-0.9299339394672665,-1.3229378749119671,57588.4
408,39,138781,42,14,311,7,0,-1.428265591477831,-0.16740199177879939,0.5338913058334556,148184.3
409,40,80545,66,2,170,8,0,-0.28352157589818655,-1.1415849058514187,-0.9722470436632771,165663.5
410,19,97180,55,37,133,4,3,0.6512059994978101,-0.6051826044950337,0.995261864498432,164304.0
411,44,102958,99,5,256,9,2,0.03568990926872668,-0.4557096676655167,-0.4598203163000414,244187.4
412,59,148291,42,38,85,4,1,-0.14359807810244474,-1.0992403114335236,2.055597629262627,151737.3
413,19,54809,34,45,380,1,1,0.4917773000098439,1.2921648005178556,0.2872500216582676,125942.7
414,43,131748,30,41,360,4,1,-0.6997616576388941,0.8100924319387608,1.5903004785600605,138024.4
415,34,20287,13,47,277,2,1,0.8088082283702553,0.6949997612418419,-0.1967245816122521,69436.1
416,57,23512,13,14,494,6,2,-0.9556521531326598,1.3043501923265635,-1.882892148704926,64753.6
417,50,147414,18,39,268,9,1,-1.0213706640589135,0.062062150940173214,1.8785804518763267,113124.2
418,26,123872,32,25,476,4,1,-1.4144859442770727,1.2127878552103117,0.5831827679173945,137461.6
419,60,108070,96,20,468,7,2,-0.02307527935263788,1.2972985165367241,0.11726745386487449,257821.0
420,65,94767,99,2,350,0,2,-0.18409661240537867,0.11838418427937562,-0.8501321304086121,244930.1
421,56,112829,39,39,342,2,1,-0.29564824762904424,0.7292064780296817,1.1621691599029815,148448.7
422,46,57078,46,6,199,2,0,-0.31775441880798244,-0.8442830886546796,-1.283800967250953,122073.4
423,59,121288,29,17,209,8,0,-1.1296179386329834,-0.7588341494448908,0.4286064807027772,113336.4
424,43,98524,62,25,426,4,2,-0.3351140662580119,1.0590927562677082,0.17666618118659866,187357.2
425,52,27219,93,28,173,8,3,1.9416515828523817,-0.22168250915862298,-0.765021434619936,216815.7
426,67,15235,62,2,215,8,0,0.38137618212175217,-0.6555179030391778,-2.27086645909419,140320.5
427,42,57929,57,35,485,0,2,0.3252806348232393,1.8071014212827932,-0.20055929755307658,173128.7
428,41,142309,16,37,330,1,1,-1.213275331771202,0.4326136839284682,1.6239684164090085,109692.7
429,30,82444,56,5,281,4,0,-0.6624942918274334,-0.37001925525824686,-0.9178791928435205,153283.2
430,24,116834,10,1,438,3,0,-2.5916243011730593,0.31282642004893735,-0.6464117632975773,77450.2
431,53,99555,30,40,425,9,1,-0.465558227789877,1.3153906789743357,0.8626171904553868,131116.5
432,62,88698,25,12,446,8,0,-1.5172617696699533,0.7757232496099666,-0.6688153610888382,104909.4
433,37,139450,84,36,162,6,3,0.6087306952612271,-0.4711482250836406,1.7557721984203876,235935.0
434,18,58925,5,45,361,5,1,-0.13126820050464574,1.0568905276221328,0.35785463627415826,68227.5
435,25,102388,65,23,335,6,2,-0.18797419824169773,0.40397043768422863,0.2522254072563951,188966.4
436,63,23007,94,47,120,0,3,2.844646126127972,-0.08482369849496342,0.08933377051512949,224402.1
437,33,73596,49,31,263,0,1,0.31170034407627883,0.16050750252452892,0.12952747012375634,148728.8
438,31,136101,3,11,31,7,0,-1.6874800406346997,-2.2206314252463777,0.5884813925589615,53880.299999999996
439,29,103861,45,10,258,1,0,-0.9361742075678751,-0.5008643313790705,-0.26354183128628406,139058.3
440,68,101740,14,3,68,9,0,-1.388299690402175,-2.0316486012407324,-0.46665731738860894,63422.0
441,40,30524,30,14,61,8,0,0.3038844294483982,-1.5323599435433446,-1.2973055248781684,79207.2
442,32,146149,68,16,185,6,0,-0.6121266610817916,-0.8894368073009427,0.9187204323027415,197094.7
443,45,140501,18,10,101,5,0,-1.6253983317300826,-1.7447934915164227,0.5700182520368797,88200.29999999999
444,51,35611,62,29,448,0,2,0.5842303790904818,1.4979518737818613,-0.8637891957335438,171583.3
445,19,29060,37,10,310,0,0,-0.2479523057100812,0.04750558206501838,-1.754555828929523,103218.0
446,49,58303,25,12,177,1,0,-0.5043484995969101,-0.9148344494191155,-0.9798576032724424,82340.9
447,40,54711,48,30,235,5,3,0.5640823187429757,0.004731069607831527,-0.250942496694826,139163.3
448,39,88340,65,41,177,5,3,1.0256576786051392,-0.15347126727110255,0.976684095456865,185852.0
449,68,117974,53,1,481,1,2,-1.7963063545069542,0.7377368798186238,-0.627428420122994,165942.2
450,42,82728,79,5,153,0,0,0.1130359867662736,-1.1432084504713986,-0.762105651335059,192968.4
451,39,26246,73,20,86,9,3,1.4339385057094758,-1.0610831120358637,-1.0857678522687524,168173.8
452,39,142796,15,8,355,4,0,-2.3748174095255306,-0.12694928734480096,0.26296966265449245,94588.79999999999
453,66,107263,49,43,26,4,3,0.8606708413882806,-1.2167639522468638,1.5682672841552328,152978.9
454,69,26302,88,12,455,1,2,0.6079296787412365,1.2372382468407865,-1.8125058941814214,212640.6
455,59,82506,68,1,33,5,0,0.009822735207584709,-2.074420335241178,-0.8414259175565612,162901.8
456,23,56157,12,20,92,8,0,-0.2593142941701346,-1.3165056507847912,-0.5768325414218513,55447.1
457,32,69917,59,28,418,1,2,0.10461734494819508,1.158595876881151,-0.22640006429404508,173875.1
458,60,111646,37,43,424,9,1,-0.36177490733403134,1.3694132895925055,1.2406033188911936,150193.8
459,54,98122,61,37,182,1,3,0.6534665655383427,-0.263115034221942,0.9696480357504202,179036.6
460,50,39519,43,47,85,2,3,1.6315298987366604,-0.5376339174335688,0.39253008212709767,125605.7
461,25,95910,70,37,366,6,2,0.4510677055059572,0.9940025895394572,0.7507445158416437,205573.0
462,61,135430,39,12,149,5,0,-1.1511112956626501,-1.2912011104569772,0.537164443527353,132079.0
463,61,86324,56,37,438,7,2,0.11542123415168662,1.4543841801176383,0.4817665799002595,178297.2
464,22,20408,63,49,485,7,2,1.4616721212688468,2.2903751338660507,-0.26388506452043015,180872.4
465,56,74379,46,49,225,5,1,0.9934755934481686,0.3433118078745423,1.0142571683930477,150063.7
466,21,40053,88,44,295,9,3,1.9831065217174848,0.9288494612139422,0.09479633821246183,224765.9
467,23,146994,11,28,485,2,1,-2.069304820185434,1.2059268607682758,1.1358574365785292,104348.2
468,62,113723,62,47,275,2,1,0.6292402601400259,0.5574771109205704,1.6390932762718453,195366.9
469,49,66356,77,15,285,0,2,0.3534295765628733,0.024419982684544515,-0.7464541420797733,195656.8
470,69,25789,98,6,44,6,3,1.5445883494366897,-1.6028041771462758,-1.6777195058602796,208936.7
471,47,112720,25,44,469,4,1,-0.6953275181942793,1.6494346531354123,1.2509731478474249,129266.0
472,64,81656,71,20,300,3,2,0.1782164046981183,0.18107528623816083,-0.24267140051023273,191496.8
473,52,59028,52,14,272,9,0,-0.0865798713760277,-0.14737332876488562,-0.9434401628612764,142308.4
474,57,79484,4,2,329,3,0,-1.9440803643020383,-0.29031295369806304,-1.210716927362604,49295.2
475,69,47154,59,9,308,3,2,-0.05177330894157088,0.02700608415605011,-1.4320198350090898,152046.2
476,33,17336,72,37,183,5,3,1.9381459951580549,0.028712676051894353,-0.5667343143714298,176850.8
477,30,118677,20,20,114,7,0,-0.9567320021633314,-1.3363043013785467,0.6047856259315185,91303.1
478,67,82779,93,26,289,7,2,0.8764504010333084,0.3270237780217139,0.08867226549387419,238283.7
479,59,34029,63,29,340,4,2,0.873393942057151,0.7898675978943269,-0.7845085680486662,167708.7
480,47,74201,54,1,129,5,0,-0.39751841814820166,-1.458806098525221,-1.1100294306291976,137210.3
481,36,47265,74,35,355,3,2,1.121503833909966,1.034345762006389,-0.2578866783330063,197429.5
482,34,117916,98,6,329,8,2,-0.3107724750782929,0.003938152193936978,-0.2016212647323349,250824.8
483,36,61197,57,37,257,7,3,0.8791330338117518,0.3345870112039971,0.18396228475722692,163709.1
484,45,140733,90,5,400,9,2,-0.9774266531229243,0.353132508128272,0.10967395299674734,244719.9
485,43,86907,41,33,455,9,1,-0.39663683466667504,1.4159894295686675,0.276315642185819,147322.1
486,54,143876,3,49,406,0,1,-1.2369659960359884,1.1866951046997682,2.1215386249640678,93962.79999999999
487,43,79435,6,14,444,1,0,-1.7190232605469837,0.7773624417625367,-0.7691886993511171,65030.5
488,40,55631,5,12,409,8,0,-1.4235294115851789,0.5654484095453343,-1.2830895495413737,53139.3
489,26,144038,5,42,44,7,1,-0.6275456983772382,-1.3819379215280014,2.1660915399012284,76411.4
490,29,35103,54,20,160,2,3,0.7473092620957571,-0.6608355505796537,-1.0085781052339897,136530.9
491,18,79772,47,24,136,7,3,0.2198064461606882,-0.8813748326979386,0.049062454334529534,136731.6
492,18,141108,87,43,411,0,2,0.34004945996068464,1.3590961790911638,1.8643796006082791,258382.4
493,64,29382,49,34,424,9,2,0.6314442800518943,1.4388712857171142,-0.7392893656524117,145014.6
494,51,99291,9,25,471,3,1,-1.568218082973864,1.1786430702733528,0.09627477427230824,83837.3
495,49,116195,99,29,44,2,3,1.2396403309048336,-1.3061634296414524,1.1191173286105256,249558.5
496,65,149828,20,39,98,5,1,-0.6212201430187925,-1.0661849508145373,2.0976083430732255,109348.4
497,42,35609,61,31,87,6,3,1.4642794452427894,-0.8499214064235054,-0.4090227995141478,152532.7
498,57,90683,35,47,192,3,1,0.5495277032482471,-0.012047926591067288,1.2563509656708942,130304.9
499,62,139714,50,43,463,6,1,-0.54276232788619,1.5850163563603945,1.7506390503340814,186564.2
500,18,145330,82,23,31,8,3,0.30707893757196486,-1.6877260413696007,1.3955485365929245,220649.0
